id,Цена
36034143,272304
36049643,365027
36018405,253227
35851719,309948
35846125,292686
35849903,242792
36086761,249315
31120693,241447
36010733,296102
35819913,194918
35825147,318887
36002347,397957
32344437,529490
36023929,498310
36089335,530460
35965585,204643
35929863,337388
36044839,195523
36038347,278533
30695895,634834
36027723,486895
36006717,245335
35797281,271286
35886835,255172
35964855,254886
36029029,207674
35901211,210272
36048649,135786
35739721,293315
36040819,438315
35867493,444075
35993225,533209
35834325,248701
35875315,173498
36045169,265642
35897189,258004
36029457,314631
35851045,231359
35759691,228399
35891363,291223
35816323,222092
36017003,271505
35851335,222216
35753009,270317
36031455,139337
35738071,284533
35911471,430570
36067935,409792
35868359,409792
35858537,388595
35824473,367110
35776279,211684
17822729,679162
36022241,416729
35880785,296453
35774057,550181
35832545,522227
35880655,602703
36044061,259388
35859513,286545
35873259,152327
36052179,323731
35882631,227189
36038229,434519
35857437,525254
35807597,261853
35800471,452121
35793485,306449
35806723,261198
35958423,299315
35782257,280883
35814977,310741
36063117,221346
35889283,458294
35903691,353390
35852207,590301
35879333,299349
36071165,375942
35787041,305675
35762335,287735
36025233,265180
35802203,611874
35812193,220810
35906849,190654
35768263,520168
35831975,381699
35979363,518432
35775983,258004
35786509,238480
35876447,466287
35874679,295970
36057111,347605
36013707,566806
35859043,296561
35999399,183136
35949619,581116
35800735,317826
35991513,602225
36012997,254575
35785361,229728
35484081,332719
36048971,319689
35821787,203864
35883231,208970
35870117,291125
35998761,278085
35872857,265942
36038027,244381
36095521,522303
35745535,197026
33879159,511502
35552369,254171
36046535,262411
35696935,234932
36037673,316615
35873271,219866
35911109,224716
35768469,358654
36011663,445580
30612697,532954
35752843,279585
35861709,299279
35793911,540565
35835743,263107
36048251,390373
36061681,283170
35758035,358396
35737871,197924
35813337,197924
35750227,577545
36026879,200782
35804797,220538
35822385,289940
36009019,637708
36025657,277644
35829855,228080
35864113,290153
35831755,378403
35859527,209698
35889635,358505
35816665,294804
36017657,265180
35761743,286545
33714697,620122
35963883,313459
36013181,324284
35832577,279257
35798805,255415
36051445,230786
36056473,260121
35814463,314428
35860357,213719
36000927,457137
35968673,248701
35819283,340419
35795063,396281
35874685,332254
35852323,203720
35780993,364234
35852825,349250
35983623,266972
35855095,671632
35801013,526290
35840097,266883
35021631,221230
35846225,229388
36026151,488618
35890165,321443
36073353,440371
35816047,626583
35999021,343215
35805831,574466
36040405,326059
36011981,459289
31402207,534325
35768477,398284
35965525,367691
35861931,136693
36046137,263765
35897563,253227
35979547,640147
35778299,306084
35795737,281553
36033897,224045
35885969,192322
35855789,309322
36035585,306313
36017511,292347
35833609,305635
34288145,249101
36044251,434675
36068119,301872
35841737,267242
35880555,272098
35800585,280000
35739235,428612
36085943,300349
36013163,339228
35841957,249458
35768317,298592
35771861,312723
35795363,326332
36016603,197924
35998857,266304
35957109,295566
35899863,245873
35844957,266898
35871801,542461
35807511,601775
35555207,422217
35836579,293315
35846573,237795
35975905,280768
36002417,437204
36050061,328530
35120297,259322
35830011,266304
35816069,352021
35862003,408898
36061063,133957
35952373,228639
35886591,290219
36068117,251203
35661773,248034
32792573,309068
36050243,296877
36041573,281800
35751045,541623
35760741,194069
35862257,271491
35772643,525199
35510613,399533
35865201,218112
35886791,366528
35978153,402527
35806621,230544
35958463,354573
36038349,334864
35840371,284598
35901403,308678
28700603,433725
35897463,323136
35853679,123838
36087799,326956
36013387,195113
36027373,322243
35874757,371567
35911531,274655
35761221,576602
36040577,340419
35831419,286913
36035703,228888
35840239,150189
35812205,618255
36002435,186285
35763563,644863
36047765,298592
35889541,379582
29880311,326943
35793721,279694
36051167,313881
35819621,298780
35815685,340693
36009953,374421
36026071,359012
35811477,288227
36037779,429322
35899913,271505
36018323,335644
35888737,325024
35943401,451071
35878485,497148
36003563,242792
36046765,295970
36012797,337779
35852085,178748
36068309,515893
35763469,511326
35774709,237800
36032991,483959
35691153,367261
35917929,336465
36035083,190490
35862491,237914
35881559,373529
35942119,293520
35835957,423805
35889163,223004
36063621,432055
35883189,486953
35996143,265642
35784169,432537
35831571,292347
35963869,300988
35845365,258004
35840309,256656
35734449,487247
36026545,326343
35862531,272852
35776127,601796
36000313,259388
35751663,315558
36016877,230415
35878637,281971
36021257,340860
35823853,181524
35802405,211684
36037577,258718
35761271,275675
35796629,227724
36035147,256080
36009351,339516
35798847,269318
36025863,451399
36088125,378403
35758495,344174
35782073,267527
36049831,338152
32126369,202465
35874743,302221
35840033,326690
35821619,300018
36061943,195844
35761087,415002
35763383,221230
35831551,358654
35886137,316420
36011273,345642
35876145,320310
35871335,300988
35776501,394844
35820477,564277
35857169,304788
36020637,573474
35864963,274655
35831615,126485
35907231,431501
36033425,534127
35758343,588800
35810901,603557
35989381,502870
35868055,555098
32126343,189058
35798365,325364
36072547,591281
35840059,218524
36019165,312378
35886043,331951
36062285,218795
36034783,296872
36058203,342011
36018223,344255
35864893,297558
36040691,378857
36056231,552900
36067777,302217
36057947,448677
36027415,281415
35878569,295189
35839913,290219
35795009,170845
35793815,616286
35769399,393984
35885831,251052
36033745,380630
35871557,455516
35870973,321815
35967649,406024
35815921,264869
35779315,279699
36031383,484419
35851655,588189
35964183,236176
36004557,432053
36071015,363754
35765569,241590
36017245,329631
35839127,473061
36060717,232666
35889925,294396
35997891,280028
36026619,602764
35782977,246951
36034501,333909
35808159,479836
35807859,626030
36041477,209085
35874895,409604
29299037,251203
36044701,327158
35745685,304558
35884269,272349
35845685,167655
35778267,376665
35842205,218730
35871783,374711
35768357,324194
35805285,416181
35829811,354879
36038169,460030
36085031,266304
36029591,216549
35819759,135783
15321629,266079
35753007,378075
35851587,513969
35860227,327756
36047301,317951
36078879,452121
35804785,358396
36097649,223803
35868287,471540
35890471,440584
36037157,423054
35876301,435807
36051303,375469
35938559,233242
36030573,312842
35855683,229042
35875489,639630
35991537,300123
35778483,246382
35876037,241723
36016393,263783
35829765,308370
35767999,207702
35985295,432884
35889321,228840
35750285,228995
32184891,229649
36026129,450250
35760521,344255
35851805,332897
35883179,298592
35738419,511153
36033829,432137
35884595,308695
36057393,416858
35776315,315633
36010583,291357
35883289,267242
35799963,361748
35874199,213580
35740385,467096
36016549,349670
35871881,332019
36029007,386977
36045009,382535
35775497,296760
35800565,311448
36034617,569587
36012781,245873
36081403,478577
35838201,251296
35795639,338434
35985463,186285
35906517,355109
35796715,410021
35762209,240781
35897273,217892
33642113,246482
35800899,458298
36016035,478998
35862141,333727
35841959,274655
35965437,206964
35975699,711033
35911127,149421
36047153,370409
35864193,217964
36027829,277031
36051719,408308
36037129,287533
35965445,244086
35862197,314016
35901133,258004
35754481,286273
35772319,242109
35902869,462641
35732165,321305
35778011,432137
36096705,421772
36088147,264409
35829593,203078
35911221,269819
36051211,371271
36018007,350974
36037139,262411
36040579,347103
36026203,479999
36000339,290804
35879679,295970
35996131,194332
35855153,445584
36046017,348576
36030353,213154
36009959,221230
35862357,243398
36052967,404542
36027293,261618
36067793,482389
35964349,308370
36039795,403490
32596109,295920
35835381,328812
36034945,259503
35796745,487987
35886485,553380
35878587,213431
35763021,283170
35962099,266561
35919791,200389
35999095,440479
35776149,241590
35875709,338643
36060927,340633
35778049,310741
35787883,559460
35848413,434114
35753161,559747
35760915,434174
35775559,326554
35929709,330579
35858601,191463
35879759,284533
35740007,313566
35864287,231658
36021539,522516
36046961,223125
35869567,654250
35776281,337249
35819921,308166
35842879,276208
36072895,263107
35767961,638653
35795821,295652
35964899,593377
35874699,374711
35836101,321628
35880417,562713
35780645,621077
35861621,133293
36011813,123302
36046377,279732
35911541,403705
35880975,337272
35791187,588407
35849501,313172
35880853,234932
35875085,266304
35855089,352331
35808637,253227
35749859,364308
36050957,606320
36004813,300349
36010197,290217
36043859,296760
35800473,500174
35991727,496458
35760453,337048
36055843,256586
36031365,584757
35985595,218730
36044675,382307
35756747,515822
35875393,511642
36040561,366528
35874313,198062
36072045,1090401
35857813,247278
35965561,503838
35814991,265500
35796539,271069
35761973,266574
36026985,451399
36078463,388653
35834835,244381
36059555,245977
35746127,276711
35952293,600252
35739521,240364
36035461,238498
35820449,337501
35801181,291174
35860091,304129
35889429,373731
35804823,311458
35774509,427973
35825769,212050
35798851,284070
35878967,315009
35782233,256231
23468867,564054
36061431,534254
35761293,288227
35763647,232375
20153187,290775
35808385,197924
35883969,258932
36050291,381446
36042625,636807
35856659,317042
35989185,281561
35905801,323905
36069255,309690
35851489,313929
35827557,298100
35853741,286903
36037919,326059
35849789,291982
36009643,332793
35811255,293315
36020001,296453
36073787,338106
35758361,219675
36023819,295331
35876377,258004
35898425,286474
36048495,416774
35778437,420328
35900835,448641
36045013,269819
35878847,238480
36026717,393618
35776789,308370
35798903,264246
35750867,357130
35910939,153284
35821605,229035
35815071,317260
36027707,320221
35965147,601796
35922271,256896
35798475,370630
35819715,272852
35840235,328566
36006305,251224
36014655,290406
36057965,275998
35763441,220353
30866439,391204
35830181,285312
35829693,562778
36009207,262131
35839929,365499
35782883,296069
35942175,319637
36030585,264409
36068989,241247
35861649,284488
36021617,261467
35889519,303101
35822655,372243
36063773,628245
35949875,295153
35978049,513426
36048761,360020
36047621,308370
35808063,320555
35796579,520207
35761797,176729
36051923,320555
35819873,182150
36027255,299279
35964171,671716
36001347,450451
35830543,228575
35787647,393441
35832261,296872
30505877,605158
35835489,295652
35890513,258004
35962303,275858
36027183,213020
35846145,169240
36059589,216030
35874429,339169
36037639,421864
35776939,231658
35831487,342378
35822995,542542
36038485,637090
36022267,564054
35811293,466287
35851169,472853
35783013,716830
35761763,297420
35856499,150996
35852645,550537
35870891,428407
35882627,440972
36060399,284070
35897437,420385
36020603,378684
35875161,277845
35996981,262554
35861705,264519
36057553,422869
36053143,222092
35911329,260481
35858831,516633
35826421,326332
35874489,389094
35785561,295652
35898361,356968
35906371,226131
35869873,294526
36062693,376216
35962657,376665
35839931,348701
35831927,296872
35804625,203720
35808667,370725
35839433,302644
35919697,123253
36058649,213884
35905123,401841
35831247,335961
35875077,342011
35776787,453042
36011913,244421
35868693,294318
36029615,396844
35896933,350055
35816107,357395
36063045,176791
35864931,321180
35763905,326821
35957107,277525
35875001,266304
34078317,229728
35805783,423450
35812991,296154
35943777,349360
35759521,260072
35875375,740682
36045597,316113
29545689,559439
35816661,335988
35906583,227084
35998611,289195
36071227,250418
35842185,368567
35780173,414474
35836409,296317
36056317,256821
35839439,230415
35752797,248701
35855821,281800
36089553,299739
35868151,246382
36047473,218160
35788447,161822
36014585,364883
35785383,564422
35886893,246482
36038219,201431
35887959,209580
35753253,328999
35964847,226706
36021663,314428
35852863,272739
32792563,296561
35749011,229882
35754325,601538
36057839,302535
35971239,413385
35763359,715753
36011231,256231
35845669,169543
36042539,369897
36013101,367261
35886543,299602
35961237,139008
36028413,378075
35856001,427973
36086699,356639
35852065,226506
35827451,318056
35949613,304580
35897319,337782
36021581,368168
35756921,279526
35898691,292347
36029229,297950
36048807,222092
35772775,222086
35881093,255634
35849407,139079
35831779,311256
35763219,228033
35845953,432537
35849449,432053
35868345,280850
35754529,397784
35800883,572469
35821777,298966
35745635,375469
36042155,633710
35826213,195113
35776037,296453
35967495,284618
35753765,284816
35825755,411998
36049863,216947
35776807,388653
35837361,295652
35990017,338643
35804425,210526
36049049,206563
35798289,312318
35869595,298100
35743881,279732
35829909,556515
36077801,363754
35804761,292347
36057877,396134
36047957,263783
35745813,214520
35999205,172388
35739395,250396
36016405,230415
35777005,258004
35985537,432884
36003865,379427
36046579,213820
36017077,135775
36058353,314640
35871895,584757
36038307,189507
35778339,256821
35862147,314014
35882523,327503
35870191,317426
35834927,184342
35978147,287053
36015317,281800
35806323,274655
35796565,268035
35975767,405686
35763289,308166
35757461,180483
36045085,163518
36037591,569285
35811383,263783
35816271,600621
36027607,238006
36067417,277510
35829967,463143
36011221,284598
36063001,437823
36048573,376295
35832221,293239
35796717,359481
36037061,287152
35879599,296133
35814437,212050
35820483,334119
36027421,323605
36049169,286145
35889109,245037
36068229,186441
35886343,393592
35816673,515754
36006035,324386
36016687,234932
36061059,256724
35846531,296453
35809841,370233
35755801,249101
35815523,604919
35792235,265407
35808425,173888
35874505,315127
35899937,250965
36045507,340764
36016413,403127
35882529,568580
35761081,279734
35862067,268822
35962177,295970
35752721,482610
36003839,256756
35782429,324029
35864741,216124
36000149,279921
35676847,279424
36029987,338892
36017751,299479
36029739,442015
35914287,286465
35798621,237800
35824305,478577
35836931,262738
36003489,191378
35785555,312898
35823919,727639
35846337,380262
36009881,220314
35753211,295652
35818803,236477
35785247,437714
36037523,523670
35782869,258004
36034109,259388
35746225,260481
35847999,437085
35808137,493473
35786675,348328
36057223,302037
36014465,313882
35776749,198697
35852445,293541
35999973,473129
35852071,184186
35836447,308096
35969443,259611
36029341,219026
35875049,243483
35981843,340882
36010397,210587
35814591,272980
35971943,321644
36025893,227820
35852427,230974
35782407,195295
35989027,360451
36048355,277644
35969099,132520
35772753,358736
36040207,237800
36009779,225992
36057985,296453
35846487,229388
35888505,511039
35783035,403127
35851405,411984
36038017,231804
35440103,628489
35775429,168054
36053691,216741
35943523,316113
35876517,553380
35821569,300018
36025443,277644
36045019,219026
36005805,359868
36095595,452156
35812813,290117
35776659,696734
35861973,300349
36045049,297350
35901943,536125
35998017,621453
36018409,518432
35798767,280147
36053141,523470
35851229,327306
35802509,364214
36012773,535752
35881581,265312
35899855,179964
36059245,430760
35882755,263633
36025583,437495
36035283,234488
35872083,352473
35845691,169543
36050239,279732
35830213,238480
36001237,239258
36021921,299315
36035413,208547
35579821,432537
35868887,571060
36017819,337782
35903581,486738
36045273,245358
36087235,344727
35840101,421996
35868017,365264
35909317,287735
35835491,235071
35795717,443078
36051849,216820
36055771,249149
36052139,290217
35845885,217215
35821275,258004
35847841,292996
35760475,319664
35772703,679435
35854619,337388
36057113,243169
36050469,388534
35800649,118435
36095589,259580
35815833,329602
35785099,271505
36023815,152327
35878409,487987
35855009,264409
35846303,419287
35830547,233904
35753257,457568
35837165,259269
36028061,472823
35880581,350242
35846587,601796
35732869,414474
35745421,335988
36040851,210482
35852743,271394
36014561,601695
35996231,209296
35816267,188889
36021531,220325
35818045,244961
35961087,363538
35758039,488472
36078389,377644
35831745,400979
31976519,199375
35815195,192213
35815765,342378
35734851,304010
35755035,180632
36038901,582067
36031011,204272
35830083,381052
35845753,131215
20894563,272852
35751655,316587
36035451,286844
35787187,250396
36017759,280754
36003523,225596
35829829,374680
35830115,472853
35864419,268477
35998183,654713
35838079,249149
26749659,234488
36017263,252577
36045989,459951
35858959,400337
36005869,206789
35758451,273271
35801267,334867
36050515,326873
35906289,243660
36063405,506752
36016609,261198
15165335,268822
35862103,621796
35867111,187225
36037315,358361
35798129,254171
35870215,246962
35860851,237639
35780261,193032
36046791,176729
36048261,356339
35970389,385167
35979759,123838
35846331,256231
35854101,443169
35971361,516812
35854833,379842
35864715,315961
35862553,602056
35878759,218160
35819989,266995
35813397,472773
36006443,256080
36035473,203720
35779205,452487
35818009,258004
35781825,266020
35836419,349670
35768255,466726
36050741,248899
35754007,187217
35861881,304129
35762273,309859
36059731,248641
35900005,169543
35824191,443345
35834273,304369
35962525,346670
35766127,266898
35744485,230673
35801071,269444
36040383,207606
36080585,251296
36063469,238480
36035949,444216
35851217,162326
36000151,358455
36047767,260121
35745875,170845
16956857,420472
35776269,637708
35851305,237827
35837407,436866
35792883,394135
35865279,337782
35798379,258004
36043595,336697
35754565,258119
35878617,236941
35760441,230415
35801053,408265
36045185,556086
36003281,248701
36040035,310741
35889269,445908
35556085,126485
35805287,398817
35839705,444129
35882379,519987
35782021,213362
36035833,182150
35839133,560595
36048219,326690
35964499,258004
35881005,235493
35837341,244747
35816197,380311
35832143,296453
35795577,271069
35831699,441453
35902993,369716
36037701,266304
36072835,428658
35819273,379193
35901935,262411
35808781,381798
36060183,410021
35857185,290217
35780775,289777
36062543,512364
36061641,262740
35808201,486397
35831897,358874
35690275,393582
35984133,156114
35897561,286545
35965363,313834
36091163,375469
36058261,301183
36069801,422620
36044987,249305
35856811,216391
35998863,507471
36044991,219026
36056431,210482
36017047,462307
36036995,294318
36025935,187716
35872219,121955
35804633,271505
35818807,754910
35830283,258718
35969453,237639
35771751,622957
35845713,150395
35836827,326332
30834189,271875
35746151,242979
35802397,189365
36021999,429846
35901247,271505
35819849,540565
35678269,210482
35808975,326804
35857207,470096
36036489,294946
35848343,266561
33426809,196354
35878809,337388
35881615,316720
35814809,298238
36033477,268679
35793503,308166
35955195,340693
35965517,216120
36055833,231804
36026837,272852
35830035,230415
35744963,536298
36049765,311718
35886501,597763
36052499,731532
36071275,451551
36060959,307368
35821837,406997
36093997,238498
36063363,253470
35874465,263783
36029255,218730
36017337,258004
35972749,554352
35813979,321084
35753027,338643
35856079,300134
35878591,441034
36048075,482114
36050773,292128
35779411,328457
36009039,421689
35865375,639710
35832073,295189
36058627,258004
36021323,203720
35872021,500251
36017583,229065
35782449,518557
35818035,357526
35904809,516912
35899861,304788
35734647,259388
35785735,355264
35969471,583690
35904227,234625
36000279,604099
35775703,296379
35840399,340693
35768389,249365
35842621,355109
35745573,191465
36050389,290117
35785533,332450
35981519,284882
35881115,229388
15406925,303799
36035635,335644
36001923,358455
36047577,495451
36000357,626130
35904623,245728
36057935,278972
36052469,256800
35897525,314918
36063589,589797
36061359,226791
35906467,220325
35768261,336554
35765639,488340
35789319,405663
35886787,469713
35871919,417805
36017463,258004
35854865,608612
35755381,539086
36027257,324417
35999203,337048
35831179,315037
35899895,594448
35875127,249247
35811099,242481
35758115,322257
36028911,470096
35806641,260469
35765617,367261
35826453,260201
35739759,228575
35812085,250396
36062489,375543
35834301,198697
36046319,266898
36047149,437823
36002437,257245
35879789,198697
35811783,373201
35879807,344487
35850637,280850
35870341,221230
36048127,314014
35732281,433560
35846353,280000
35765825,562111
36053839,442983
36045821,280850
35768563,459951
35861491,567599
21795437,537843
35919841,247052
36015517,249827
35970861,486397
35807713,479210
36051479,422217
36020971,272934
36048901,311255
36028991,289664
36075699,343437
35778039,197702
35964005,169240
35885867,424748
35800391,324198
35884551,274000
35741835,269318
35814763,290588
36023469,229816
35782217,243455
35847917,494485
35997985,356461
35965009,474534
35781625,417564
35919733,381162
36026023,277646
36025369,393022
35753163,228399
35775973,234932
36003019,378346
35819939,265642
36052471,259322
35551519,416452
35886891,157407
36091155,340830
35840499,272934
36094035,313782
36016925,437759
35791291,359148
35862509,351798
35808873,275396
35820007,304129
35878749,616923
35996499,325199
10888487,284070
36035053,480149
36086849,592896
35806807,522377
36009911,238498
36035409,168433
35741843,295821
35840483,317487
35812837,313782
36023701,302296
35896889,208461
22651161,416729
35802497,264409
35813613,599372
35835679,536125
35890045,235614
35842881,435698
35871663,479825
36029697,287199
35775203,269318
35807917,558687
36046767,399573
35842243,233242
35841973,271069
35943381,498310
35871457,186424
35779419,588800
36063711,168672
35782815,238480
35777085,326655
35796583,308750
35854041,300018
35794967,491915
35886657,312378
35842141,278514
36003223,447088
36047707,431384
35898133,194523
36032659,337272
35819537,303496
35808575,268063
36004329,150395
36004359,381395
36049091,381446
35775763,250700
35744869,499447
35842967,290815
35859433,210482
36040611,423545
35798407,359316
35888177,396140
35852717,250396
35794707,299473
35833963,330579
36020065,416878
36093423,323605
36024917,208752
35902165,261467
35997227,268547
35868853,404837
35836887,375469
35765929,462641
35834489,382407
35794913,123348
35864523,421499
35815357,251052
35929887,208752
35840269,248738
36040581,218706
35856699,407186
35833905,490642
28376215,420561
35875047,224177
35962147,295498
35867365,180050
35753271,238480
35754455,527533
35851333,293814
35850991,333899
35886555,391134
36048803,426285
35769413,356112
35739339,432965
35901755,296906
36052211,297007
35801361,226194
36014789,291717
36018009,215656
35851747,490120
35816293,338158
36026243,272934
35820219,265642
35831253,376216
36039077,532903
35860147,441476
36036989,132805
35888201,308464
36040425,420768
35757183,385237
32108255,213128
35890105,250928
35782059,448677
35752897,321443
35768273,356054
36003405,536125
36027901,315142
35979409,249827
35844647,305370
35812721,244747
35746387,393091
35851157,238480
36035469,283170
35883333,522227
36017113,432884
36075553,582773
35888575,231804
35781933,317471
35855569,226131
35868435,214989
35832593,406417
36047837,316394
35794763,174355
35969309,406044
32651243,312936
35867101,483785
35845769,482287
36048357,488223
35871913,289777
35861997,557957
35989349,238480
35784627,552803
36037083,410021
36045259,403751
36026861,502340
36034587,390373
35741019,365027
35792911,368364
35753905,319166
35775577,373875
36017231,300018
35840421,583106
35763625,366528
35442229,299315
35857171,156319
35870017,295394
36050569,259829
35905799,300960
36091295,292347
35815711,261618
35798707,433233
35898721,226466
35782451,594922
35962533,263783
35855427,458298
36027371,242954
33714369,227820
35867953,272693
36050547,374884
35912613,259090
36053819,328823
35811119,250418
35875203,250396
32648599,531992
36052519,357502
35767991,250396
36063753,291762
36025845,314343
35807453,601796
35870041,223098
36089119,327623
12090080,345945
35886533,279585
36029487,785168
35849423,359148
35821599,203078
36038643,292044
35756833,275377
36053249,395612
35997091,281553
36026599,527533
35871857,485491
36018241,304010
35843057,309322
36025789,269819
35872159,455655
35903843,226580
35999061,219583
36025289,477215
36010903,297091
31593035,437823
35867297,240820
35869367,201547
35752991,258938
35763209,290200
36045923,325364
36044687,304369
35872791,519126
35991855,399313
35856459,315009
35989345,284070
35815187,634310
35855953,250396
35760917,210115
35821781,180483
35790593,363583
35813937,437823
35949635,287241
35840577,312723
35782239,289777
35776353,234488
36046679,275711
36037263,138835
35875423,342951
36029379,184547
36002991,249827
35838237,245873
35761659,521317
35943539,276901
35782789,192422
35966945,295652
35850651,420385
35943705,308091
35795069,367209
35811275,409792
35848655,312723
35969427,281553
35886861,421996
36057523,369357
36037783,483184
35846459,397227
36063379,366864
35975769,434101
35779527,301711
35782047,219586
35870229,589353
35831969,405546
35768337,198062
35807921,529960
35840457,256080
36059593,204598
36086371,213572
36025783,397572
36080191,245335
35831565,273271
35840417,243603
36033295,309178
35760567,290988
35782533,290217
35957185,451071
36013003,588189
36024909,188200
35901121,229035
35908313,171015
35857971,186424
36037845,533170
31810639,244086
35975625,276901
35962593,315558
35996927,280212
22179955,399313
35863523,251296
35781141,357144
36027395,378861
35965357,289584
35868303,229388
35885647,370867
35815641,548019
27556061,350843
35796407,279921
35795877,325479
35755785,253227
35854455,686273
35851341,462641
36035511,244747
36059321,231658
35782979,218112
36019981,218325
35949695,366528
35867423,521804
35831295,504918
36002759,272693
36068775,448677
35865357,412740
35987571,234488
35871577,571060
34952667,524131
35999745,530390
35772237,257719
35745561,329321
35821609,266304
35823845,351798
35864141,313881
36007345,360854
35876189,258004
35738477,311256
35870667,156114
35871687,332397
35899869,238480
35820795,246883
35845487,259829
36037761,279732
35901995,222656
36023807,328646
35854997,194887
35800525,237656
35777123,213128
35875949,405131
35821213,340345
35797297,613057
36061015,313782
36022285,684765
35999035,295692
35840629,509071
35889119,245873
35763439,260481
36015591,261110
35757181,610914
35775671,171788
35996057,218730
36028345,224177
36055729,584117
35874953,266304
35846185,269444
36057629,276196
35880827,279257
36036035,230136
35849417,420385
35924275,254714
35996959,365499
35765555,529584
35781671,374311
35886141,297350
35786763,239404
36001253,290815
36047269,279991
35870261,126485
36048793,312378
35846043,425443
36041139,249101
35875511,583552
35820721,293565
35917931,241224
35871863,853297
13236641,283048
35882477,550254
36001855,280754
35824461,439817
35864623,277031
35996621,316113
36061357,310741
36061519,332014
36025945,297794
35814443,537723
36063125,237220
36063283,357167
36015501,284816
36034021,436777
35779337,294336
35881571,213362
35991523,641460
35760963,242751
32611371,458051
36030151,569698
35842113,290217
36047587,350151
35761397,228399
35876229,326059
36026135,300349
36095699,235502
35903599,309763
36051395,262131
36008993,312898
36048353,420328
36018123,276971
35961443,313172
32090131,517790
35815901,546944
35778135,197152
31293445,136335
35862071,161627
36040385,323270
35865365,401694
35871581,241556
35886453,276478
36057153,314260
35852781,318694
35845693,160151
35870763,640177
35897137,370905
35885639,717183
35750843,313049
35812167,348881
35871321,425358
35816115,322902
35855297,503915
35635041,343215
35775245,186441
36097291,580760
35886689,238498
35777037,276086
35757397,355290
36053385,264869
35986011,637708
36009187,302007
35840227,160916
35752731,377644
35768197,626237
35812911,231804
36000141,355109
35851205,326243
36013081,717964
35831723,295652
35807821,263783
35775459,217836
35902809,374311
36047111,563460
35865287,242377
35881189,443998
32298135,256080
36010579,284618
36029791,551851
36028675,373021
35781673,292044
35905937,296906
36028945,375878
35939729,356774
35840639,537866
35768265,236176
35818223,367110
35850853,388653
36027181,246482
35862555,697140
35768167,683728
35762483,644863
35965405,259090
35965027,455281
35765521,338894
35999389,308166
36040877,372646
28819255,289718
36044775,482252
35776111,234134
35852917,299349
36047659,233306
35795171,286844
35738519,349670
35851141,321811
35765799,389048
35962271,398284
35875149,333934
35962291,212495
36011175,367261
36049961,215656
35744771,539952
35856575,306925
36017271,378403
35902233,355855
35947439,481846
35949821,330714
36028903,568371
35829487,363754
35835431,271505
35795333,352183
35972883,336015
35800421,152327
35995731,313782
35808515,518432
35964185,272916
35961073,514355
35750685,392733
35862521,257449
36033301,237656
35829327,517291
35857645,213635
35808611,180632
35868241,559527
36057409,224824
35766081,373067
36010679,284044
36062423,309385
35092933,465264
35911453,243603
36050371,312390
36005905,443092
35831673,439592
35919617,409467
35862515,316113
36050233,435471
35837533,377327
35808699,331951
35795383,514023
35864213,246688
35999711,258089
35802417,333133
35977289,305589
35878039,335088
36062605,530451
36040849,342351
35840537,198062
35874749,231312
36050077,358396
35760465,513937
36047285,309068
36052101,338030
36062547,311045
35828991,307077
35761575,416958
36049829,210847
32949473,285312
36025521,257449
35836097,299315
35829987,381052
35776379,249149
35808565,213635
36035379,208547
35851121,238480
35880737,378857
36039801,411984
35876439,375803
35831619,334735
35798737,348554
36045811,294060
36037329,340882
35965837,308178
35802069,455516
35794935,353390
35964559,332313
36010715,316113
35754327,505215
35856671,259829
36013117,379136
35897559,370630
36033309,424610
36020951,377422
35823997,271327
35781827,253227
36047965,288643
35919795,231312
35858897,437823
36019941,211684
35991681,435828
35880163,274655
35777949,328457
36048831,281553
35746113,238498
36055597,279690
36051845,435717
35864835,246482
36047543,240940
36012725,340882
36040901,330732
35787055,284165
35901809,184340
35774715,422620
35757151,500137
36049859,549125
35798527,310741
35861257,195844
35844947,475791
36045747,332720
35862115,507664
36047467,481594
35857183,228995
36051209,504384
35861655,264869
35783481,279921
35845981,299315
35795307,221230
35999173,448677
35855259,447930
35835825,516008
35737997,562215
35972819,363583
36034417,220314
35759337,395436
36038213,376553
35856403,348576
35821523,472896
36059519,197165
35962017,310741
35814671,584757
35739973,292347
35829937,274611
35802991,325105
29615375,314014
35798803,295970
35804451,288816
35760613,343215
36051901,277031
35832213,445580
35864839,173157
35817825,263107
35847621,584496
36031387,324198
35776155,287056
35782995,329835
35577777,227843
35822855,385038
35834503,365147
35842739,189058
35792497,397222
36051851,209482
35803081,344255
36006229,327735
35739713,261864
35878595,183136
26231825,543548
35793077,368486
36052375,338892
35802817,325364
35874823,432708
35906315,165251
35963865,352331
35859763,266304
35998057,245873
36035383,323136
35815037,322257
36025763,575711
35888985,422725
35965371,243169
35775237,299315
36033291,340759
35899081,404796
35760725,275538
35886409,531369
35814861,209048
35812651,272098
30692771,356112
35764541,536396
35836115,260469
35758471,462641
36057403,378403
35845055,299315
36048255,312009
35971231,179964
36033013,556966
35784171,654713
35775991,293860
36031475,464206
35823931,203720
35902287,615692
35821485,259580
36016691,644863
36017147,217962
36062895,379097
35856121,422702
36033243,294859
35833879,324338
36034923,392184
36051993,316897
35787249,234134
36063121,219675
35852295,490293
35779415,188035
35769947,278797
35778503,514204
35867975,411321
36045041,184342
36003793,279168
35880745,564505
35956941,409792
35771727,222656
35830729,238480
35964945,271505
35786817,304099
35775447,316797
36035397,518557
35864337,256028
35842609,562266
35783041,251611
36019323,303066
35831909,211099
35999887,178455
35838235,210047
35862231,271069
36044879,548910
35749651,205611
35939995,173157
36075887,394825
35528859,271505
36025827,313881
35822801,277510
35824011,234488
36091171,432535
35836427,238524
36027347,321180
35765673,292974
36026847,170245
35840319,230862
35745303,422902
35801261,355109
35837417,250396
35777597,441853
35761817,637708
35011655,399902
35853777,241447
35788641,268035
36072177,265500
35795395,368168
36029631,511497
35762327,249845
36000199,348881
36062025,278324
35856431,120723
36052285,430341
35964639,458158
35883409,489320
36010281,209701
23274709,235919
35834305,625234
35781325,257449
35821707,168078
35830509,201547
35971729,295189
35876137,309763
35808395,242974
36057685,265642
35836465,410949
36028861,276086
35837527,203396
35847755,255636
36058387,296872
36058005,368310
35797199,275711
36016027,235502
35999883,282639
36027865,213612
35770299,242377
35761537,249101
35909601,238480
35831245,432053
35815931,204877
35868383,229042
35903709,263970
35991955,388649
35842833,289070
35778101,326059
35820195,231666
35815703,272852
35879489,355341
36049891,544205
35906425,418833
36000931,220538
35786773,637157
36041659,294635
36048397,230623
35816109,450014
36000039,284816
35782343,429565
35995887,261853
36017081,295970
35740877,210795
35897225,607611
36051777,313782
36047541,318694
35796729,322257
36000345,517932
35787801,305066
35815287,336697
31247239,191170
35995309,391193
35964789,342660
35840407,451032
35867121,550181
35999671,251296
36057873,325690
34470727,231790
35995525,489480
36031597,366864
35779409,516488
32262551,630141
35787749,287735
35862043,527533
36009137,252352
35795407,264869
35774041,675600
35876033,290464
35869387,359221
35795907,241972
36061383,340957
35814551,520168
35807767,197924
35846523,310741
36037873,141844
35871839,648482
35874713,349845
35870323,461098
35833075,318137
36017999,523687
35829631,277244
35975927,311390
35761631,539319
35816361,121016
36007361,325364
35758259,340828
35768335,197465
35819211,256958
35890525,251296
36038083,258004
35782821,304010
36026551,255379
35995939,201496
35808775,262411
35852557,581980
35979755,322257
23257457,296109
36043867,262502
35881119,222656
35887009,272934
36051875,346769
35768119,272852
36058249,302853
35811063,388037
35921143,332019
35800669,531992
36029825,368244
35836925,299629
35793713,221230
35836031,304357
30760833,310863
35837177,313219
36033125,216263
36038249,526162
36097159,260469
36026471,386908
36042209,591461
36048723,305461
35956985,306141
35785869,266898
35971791,246524
35801511,350843
35881939,217947
35793373,269819
36029479,293758
29545793,279459
36049157,197434
36021401,389369
35757581,363736
36052055,302161
35769401,291693
35802279,374311
35800299,193367
36081705,303031
36018499,351706
35864281,598116
36035665,359554
35789309,336249
35753783,662695
35835955,263755
35881645,437823
35740207,299315
35897015,693886
36052075,616286
36063003,610288
35778447,579677
35766121,263783
36089071,335988
35840147,219511
35771877,450014
35795499,300349
35782379,428208
35831541,291069
35744727,456563
35881421,210115
35760675,338643
36037183,363852
35772411,154966
35903905,249305
35801981,429846
35775685,140329
35842823,319292
35886357,390373
35861691,686273
35795471,228840
36051651,267889
35757499,421491
35815537,288591
36086875,124863
36026353,238498
35856857,170814
35775381,478577
36016711,519123
35781117,532567
36087285,319689
35849345,397295
35739761,368072
15539001,265826
35783117,366805
36023355,290192
36035513,327757
35900877,283787
35836503,644863
36041845,217397
36067979,279145
36061331,347932
35845405,196505
36080879,212909
36024845,236196
35664091,262411
35771735,238006
36017817,545958
35880267,267844
36026749,189058
35874059,335644
36053229,238498
36066545,500493
36048027,337388
35811799,329631
36043229,451071
35876073,174897
35827493,525650
35800129,250396
36012875,230623
33803051,200782
35991885,213431
36027629,305929
35739943,456003
35904901,253227
36046657,279585
35985529,222086
36048037,336697
35901625,190869
35907283,237827
35829757,266304
35762197,289075
35908207,217813
35964575,356847
36034863,287241
35970427,340860
35760429,517322
36049087,292347
35789801,362150
35819515,296707
35877287,359032
35784491,667456
35879479,437714
35806235,292347
35793579,214520
35846543,520071
35796393,537698
35876035,265942
35929813,309222
35847571,341080
35623513,120649
36041705,591576
36025645,219026
35822817,281761
36026259,123687
35884645,378403
35889043,316113
35798655,360451
35875815,324914
35779463,337272
35840181,264869
36012795,281137
35999965,377422
36049607,442235
35834661,240940
36025405,296069
35860859,264869
35999905,639055
35964067,268679
35861895,163073
35836429,364519
35859435,437759
35965121,534078
35846611,237800
35835551,378346
35774279,314835
35749681,292130
35812173,249101
19187645,311256
35828435,153150
36034479,251296
35842441,284598
35849127,279732
35798705,238480
35906843,342066
36053511,223004
35778175,256231
36026139,314014
36055315,250396
36036341,267087
35957081,237656
35808273,343215
35967529,509550
35897281,511298
36012767,533230
36048039,303018
35801089,360385
35823879,241590
35901385,251313
36009731,153764
35779835,276360
35872089,617714
35565159,259503
36027915,493526
35824223,293879
36038375,558387
36046899,275711
36038515,316394
35700003,311684
36033247,380652
35868025,291285
35906567,373201
35877475,337782
36038065,250663
35780949,230544
35861769,368168
35997933,397741
35831569,528763
35808429,258004
35768247,256231
35855195,396468
35804485,218160
36045633,280000
35875429,306358
35850275,353390
36011743,247394
35903367,410491
35744839,490933
35837223,590022
36062107,390373
35734081,328486
36038221,223986
35769453,238480
36003053,319242
35996473,230862
35886057,264096
35885551,391204
35879525,335889
36006177,370409
35774689,389048
35808015,334735
35754449,371070
35971131,338106
35800017,380588
35852675,381530
35881609,432044
35854271,318922
35847691,231678
35798499,279921
23468871,552266
35852505,348059
35979843,361461
36078533,213713
35801333,317840
35883097,389430
36041083,313834
35792145,289509
33856431,187217
35765851,281800
35856007,310741
35829459,523078
35964007,461252
35871245,427191
36032949,268224
36097355,271505
36015525,310863
35815535,225387
31170009,213580
36057493,161957
35920151,367261
36000013,256821
35822867,542542
35858733,272169
36021379,303713
35756851,210002
35931071,252028
28308617,227795
35829599,222825
36085995,340152
35812803,266673
35793817,328360
35733933,622957
35753059,289999
36025183,375469
35878683,263783
35831497,195844
35903081,294635
36058171,416483
36028709,271069
35811313,454552
35861943,318025
35823857,304504
35812839,238480
35897415,257638
35807627,129669
35749055,234626
35884533,600002
35763387,274205
35822023,306281
35914289,222656
35816101,424684
35999039,244747
36002701,284882
35838447,295970
36041403,266561
36009829,222343
35964873,562111
35852589,238508
35953993,305033
35842841,255764
36006119,401771
35848365,323136
35874521,301706
36048683,276671
35846373,335889
36076511,265180
36051379,209296
35875543,245873
35903697,324123
35821617,472823
36073615,310830
35886519,348376
35831923,296872
35862523,521650
35938345,223015
36010117,446810
36027073,315545
35738001,583468
35871871,772379
35876285,262411
36029699,293246
35841101,315961
36086139,353390
35761735,338106
30320293,389048
35806745,279732
35920105,180632
35874989,272098
35886645,222092
36057347,586639
36014453,240375
35776243,215887
36057661,313373
35816167,246482
35939865,249305
33066259,441034
35801293,197924
35971229,439651
36047777,533890
35890149,234895
35810523,649086
35900725,142218
35827469,406868
36055945,304425
35868521,230415
35964271,330169
35852679,310313
35963845,363583
35781749,279257
36071595,201609
35822399,262502
35829813,195026
35889503,442983
36017365,462858
35800033,202157
35897043,296872
36088119,484519
32385767,435725
35886997,300349
35885993,516076
35800727,490092
36033467,544119
36048859,266012
35845905,182724
35813823,194887
36062623,252577
36027363,292798
35852577,374311
35776191,249365
35839831,293860
35964333,307275
35842355,276901
35836453,457564
36045395,604227
35777893,295652
35829323,586843
35812317,384645
35961813,407537
36036073,300339
35798791,283170
35787873,240940
36013299,471867
36046623,295970
35965337,186441
35869565,409792
36029025,216549
36025371,428064
36070711,205093
35871765,489123
35782791,274222
35800595,437129
35793265,264869
36048365,268606
35845419,260481
35750419,296958
36026097,246482
36016697,466287
35962611,466287
36047525,318922
35778023,327503
35829663,249101
35811433,530451
36051327,595769
35919649,328457
35868009,344143
35788367,309178
36047067,421280
35815583,673725
35883855,335988
36047083,338106
35814523,238480
36068777,310427
36030947,290641
35810921,515772
36037593,577489
36053175,364386
36024849,285880
36062785,195844
35765991,242080
36031373,518041
31404461,329136
35753101,403359
35798301,373201
36051933,246951
36047179,272739
35822407,564382
35871763,249827
35776687,258004
35781751,472823
35808327,389048
36063345,275711
36016421,179320
29159041,238498
36089997,252499
35824261,621542
36048337,397741
35868267,289712
35846137,365008
35765997,431384
35804773,376216
35840131,334864
35785353,268224
33904937,562813
35824331,320824
35768461,218218
36025697,636841
35897417,248701
35834561,311448
35800445,360451
35795163,397610
35822965,319766
36051819,209701
36034503,337782
35896747,219866
36066137,221346
25640305,503721
36048523,441453
35807631,448308
35804599,498310
36003401,340732
36040773,389048
35831907,558609
35877477,399529
35880165,294318
35753129,240781
35852403,519126
35801967,483412
35967525,319992
35927403,581116
36022243,574795
36067249,529490
36049989,295970
35889115,179138
36029417,305780
35761799,336554
35847773,307864
36061295,237277
36041517,271914
36041279,471867
36002891,431395
35808187,561464
36086719,202751
35772603,216391
35998181,589847
35772415,213580
35765843,211684
35878471,175830
35829561,266561
36050037,476037
36048581,295463
35758983,248701
35822483,305189
35881547,466726
31547999,293009
35771745,340693
35977333,374311
35919623,580484
35846017,209085
35793543,292945
35745551,268110
35824427,302535
35771965,357526
35739319,272098
36027841,316159
36067897,238524
35769927,462641
35964701,443345
35874987,275554
35775725,238524
35889757,576029
35848643,263318
35875921,397222
36021431,296561
35830539,251296
35887015,446774
35758011,277644
35876293,349808
35821537,472823
36048045,408308
36048061,256232
36056435,402599
35778307,397428
34586323,265642
35794883,150850
36032941,314260
35982117,293877
35944953,644863
35965563,304504
36027669,298057
36038443,403707
36002315,209296
36027539,279694
36020911,216741
35808789,239786
35812993,258004
36010839,387788
36045477,284618
35845689,169543
36010341,321495
35831817,581887
35761747,378152
35831843,311448
35851665,338106
35816203,450014
36009051,521773
35765875,548422
36053323,306036
35996987,731532
33609451,345945
36031635,498479
35911385,715753
35740017,336510
35802317,432884
35825629,197924
35839881,343332
36042059,121485
36009401,603675
36000225,478577
35751703,228575
35839899,222092
36040969,210730
35859065,475038
35964479,339228
36037509,258004
36009331,450014
36055667,444075
36060459,213431
36045841,271394
35763651,260481
36086935,326343
35864663,271069
35842673,378721
35832995,507517
35818039,137474
36027745,237639
36041993,133241
35971195,310125
35766749,485423
35856967,428299
36013797,633809
35806481,530295
35963961,332182
35785663,299457
35768519,162499
35865799,519286
35999181,357395
35789331,405937
34349233,264246
36061119,293916
35880783,201496
35886883,202465
36038481,527838
27511691,406882
35939837,543971
35888907,319533
35750251,253470
35808475,281536
35836505,355109
35768489,256613
35883429,323908
36051169,222243
36016567,314584
36076507,268606
32927987,279699
35899875,307275
35885653,281653
36026583,243603
36027717,125274
35843711,238480
35939797,339811
36025637,194332
35871659,429846
35800307,278760
35781709,409792
35980325,275873
36014097,228497
35902871,506523
35821279,388855
35757021,191194
35577767,284116
35811353,316167
36089811,424610
35864311,219026
35850297,236599
35965335,489823
35839723,615810
35745001,568352
35522163,198067
35800973,537475
35844895,471107
35868543,399457
35785305,225531
36006455,168433
35848639,295652
35731815,373561
36000087,226148
35746663,276884
36090127,481416
36026117,316696
35989189,256231
35902189,322674
35754879,444648
36002197,574357
35846015,343215
35957071,290804
35861667,332014
35877461,451551
36026907,213884
35889779,321495
35909539,284495
36051493,213128
35819463,298933
36061367,309222
35919729,258004
36003473,266723
35798167,454299
35837239,508956
35853677,314972
35776575,353987
35761615,516985
36047469,321815
35798383,453492
35846173,309178
35953715,119194
35831379,463788
35814569,251296
35919633,529490
36047239,213431
35077277,420716
35837369,364640
33617735,507651
35838413,512804
36057163,409792
36009857,320375
36027759,202465
35759761,240381
35886291,364534
35327603,284882
35842757,306596
35840215,356774
35962483,472823
35986095,314260
35995365,224030
35838537,350513
35846439,453919
35780171,320078
35823767,507664
35849119,290117
36057993,617068
35806755,314584
35814941,300912
35889049,259611
35856057,203447
36040835,218809
33208595,295189
35824373,487662
35831251,368072
35793129,374421
35831813,213587
35852245,280754
36051115,432961
35374751,265500
35852103,640793
35762977,258282
35872821,296453
35835499,186182
35766557,446687
35804361,437622
36067925,121485
35758147,136335
35792885,326790
35876079,324194
35828603,311366
35856607,424895
35834337,263783
35886991,333909
35797581,160916
36055335,228420
35781799,506193
36046243,348576
35786475,611961
35862359,547347
35748983,368642
36067581,278860
36057395,256272
35807817,329560
35883819,355720
35807563,467142
35840289,214044
36010875,391204
36040419,248315
35824499,240913
31493701,202008
35838313,504803
35767759,214989
36049689,256232
35861415,415596
35879273,230415
31572313,329560
35815751,264869
35964267,340828
35746489,268110
35866917,515156
35897165,416453
35868277,450610
35869413,458700
35835987,292347
35776979,264869
36004573,179964
35970551,213068
36072227,290286
35583735,244747
35751041,513426
36018037,549125
35970521,268782
36017199,251313
35772781,181078
35852265,318783
35761377,314584
35875843,227822
35802469,437759
35802675,214075
36011915,283170
35796547,285123
35785077,264409
36047415,264246
35745509,344759
35863939,150875
35835911,245873
36019965,253342
35781835,306290
35920007,512364
35765969,265115
35793831,296977
35863989,350773
35765905,420816
35841971,299698
35905827,229085
35829513,343676
36010705,298609
35897487,258144
35852629,306656
35860053,341239
24130663,229915
35849307,226131
36044705,451071
35832091,439223
35791407,507471
35784183,241999
35919657,333284
36038357,264901
36047219,253227
36067841,216120
36029431,448617
35798349,422849
36029165,298933
35795565,302037
35979479,392511
35782413,339228
35971373,288227
35821775,203864
35861605,436499
35991633,368072
35802461,459466
35890031,397572
35852267,268230
36027975,321137
35847695,227981
36045137,447124
35755721,401686
35830691,445936
35800145,251045
35928487,277522
35779507,500137
36029443,332312
36016269,359868
36038121,273414
35971707,317295
36010589,354546
35979541,138277
35855993,717964
36002357,264409
35815723,379193
35785195,243398
36044731,626666
35821471,633391
36027217,268822
35844965,302221
35762743,314200
36047645,221930
36038551,196488
35768303,571060
36010313,364308
36068115,189757
35852451,341629
35808607,280850
36067891,248524
35830355,357395
35964009,401313
35795341,631090
35781101,124588
36038659,569698
35905979,310741
35852563,206964
36045027,238498
36034991,258004
36051279,246482
35997999,460030
35880649,334619
35836157,303534
35745603,537107
35785317,425358
36016637,507255
36034145,389048
35736945,324194
35753305,302853
35847689,231678
36045831,257913
35901593,229035
36063501,293315
35763659,318025
35642587,309512
36000153,248701
36019891,640793
36018279,507517
35887527,586839
35820357,365499
36055625,204055
35830411,228575
35902253,433878
35969439,227084
35955625,314303
36047701,337272
36041203,421021
35811127,359148
36035191,318137
35081849,472896
35979505,296561
35776051,584630
35911559,351899
36050979,258004
35966991,313962
30935347,316053
35782295,292881
36028987,170871
36051219,411315
36015693,316394
36009947,284598
35840323,557763
32126325,262131
36003143,268822
35840145,366873
35870263,379336
35855303,274655
35822821,409701
36029125,375878
35807731,192322
35910915,213431
35849805,432961
35793463,352966
34905317,550181
36017249,279921
35971757,264246
31632031,588407
36041769,271505
35965195,352331
35949927,269444
36046459,249101
36033569,366466
35886249,314014
36028855,213128
35749561,360020
35777927,365008
35831965,298381
35883561,409173
35856947,528369
35830301,368168
35864345,410803
35872003,266898
35800601,471540
35858705,274655
29545719,245873
35861851,301884
35839995,220314
36012889,251296
36035651,238480
35868629,340738
36037227,199298
35849117,292383
35743501,495142
35850645,495075
36006453,309087
35886937,265642
35883331,460167
35866939,272579
35824151,259611
35807903,583923
36051839,224646
35903439,340882
36010035,265180
35807461,372615
36050947,221403
35867483,208565
35885117,423104
35726753,150875
35763573,293758
35871391,249315
35881745,219675
36063615,258004
36049005,223803
35884529,203447
35846189,312378
35919999,228399
35856597,451720
35824407,337782
35774927,243455
35768889,312378
35848951,697661
35876185,412537
36047591,366912
35792473,342797
35876053,328617
36000241,272579
35911165,356339
35763649,442092
35846529,336011
35889851,186285
35864643,272693
36078273,299349
36017121,328999
36027157,311357
35839709,264096
36046705,366864
36044679,226706
36052481,110960
35830721,416831
35768543,194887
35781127,307889
36051353,296069
35823785,589797
36035863,429831
35674105,275711
35943515,347270
36011741,472773
36021019,230862
35862963,299349
35923241,246962
35957101,288245
36015381,484719
35816093,406636
35933723,503016
35867257,326020
35831893,344802
35863855,324112
35835305,348536
35821741,246113
35883507,295970
36013039,239491
35811375,260469
35827511,318747
36050581,305091
35762417,211025
35741689,265942
36011137,266282
36080069,253203
35875693,469507
35834171,223004
35900007,324194
35819709,429566
35763185,543452
35820319,394164
35796453,492810
35839755,374421
36015021,311448
35880361,648136
35878787,364234
35791053,490092
35884549,628245
35856011,305675
35846383,284882
35795605,386112
35816035,497495
36045927,448677
35949241,295970
35824597,232744
35832597,482389
36051655,272934
36034947,259985
35885449,271069
35996673,220314
35889233,313782
35796679,295821
36030221,253109
35745359,264869
36058905,421408
35766925,379427
36013275,310850
35824281,234932
35842575,478621
36050423,228081
36035617,241590
35848601,533170
35964369,394844
35985807,250886
36046141,277525
35878893,562215
35830479,300349
36048263,222086
35890483,319482
35798807,279152
35911125,386112
36025975,390373
35831553,329715
35852821,228840
35897841,429292
35750007,416919
35852531,297089
35812095,295463
35758067,259388
32082839,305929
35856879,279321
36057859,296453
35972887,238860
35808571,111601
30698789,327279
35997145,270859
35906175,427241
34908963,472551
35852809,292347
35802305,318694
35835359,325020
35800441,480744
35979493,405546
35811377,295970
36037385,394844
36000089,279652
35910891,238524
35971639,292672
36017839,568806
35787285,309690
36000235,375392
36000471,552093
36057941,315481
35901835,337163
35870831,419963
36010761,376295
35768535,583690
35888501,295970
35868625,553380
36048875,157407
35814859,540115
36057819,215656
36096305,251296
31097591,214520
35753067,251296
35816025,292996
35814203,260328
35778493,583468
36000405,334160
36026239,256080
35929811,421491
35910931,268063
35842567,362192
35964127,259611
35949209,257719
35757071,258718
35824051,274655
35882577,304580
36040443,461252
36046233,475093
36033791,380396
35745597,497495
36026621,285312
35919673,434294
35779531,242751
36058051,225531
35794971,189058
36040855,297458
36038075,262411
35889535,236477
35807309,391829
35860095,277031
35824539,518357
35658559,260615
35862495,259322
36022225,179220
36051801,256724
30176929,380628
36052009,400409
35785819,213635
36018081,302958
35897541,425801
35902307,237220
35778467,258004
35965323,313172
35881631,326243
35846413,330383
36004549,414685
35835797,578225
36046323,272980
35879739,252499
36040489,286903
35882537,314765
35854031,341361
35971167,238524
35813133,259923
36010883,256039
35782115,321213
35881427,258938
35745439,290192
35998973,305270
36041591,130118
35816285,357526
35981671,386108
35864321,274655
36048291,249458
35744765,634346
35835467,411315
35848351,310741
34925753,349420
35883315,478880
35787765,652529
35961445,560277
35943719,241447
35737921,224471
35815919,363987
36013495,244747
35829695,150595
35855301,232768
36037267,275711
35749967,458294
36025389,170054
36017185,318747
35862663,248701
35795123,311255
35869841,418830
35865173,445718
35783143,329696
36014089,571587
36035143,262131
35965433,340463
35987511,378684
35812187,472773
36061321,338106
36018851,328823
35791097,415324
35953853,758056
36033889,628489
36025907,222334
35869541,226131
35886577,214520
36048443,556378
36038419,326217
35962241,498310
35090737,355109
36049925,422923
35978091,186441
35881177,296077
35868355,249365
35811417,365656
35834267,224471
36044947,297359
35969431,527533
35758383,299349
35831399,462641
36060373,321815
36021203,227084
35796727,475725
35823831,648136
36026505,525684
36075009,256272
35838471,321576
35900885,229388
36003227,324421
35762235,559600
36033101,404837
35745593,315545
36051821,317352
35851071,399529
35880587,561464
35758597,313373
35964175,352331
35838173,350430
35823749,238480
36057427,189507
35871821,451551
36050285,609179
35772427,259829
36047891,295189
35808811,309222
35763273,326332
36033073,349568
35781929,279257
35911331,208686
35882629,378403
36035879,384047
36025111,259322
35835145,548932
35970965,294738
36045939,198062
35746163,345368
36062177,266979
35836043,229649
35975883,481389
35965191,345642
35798589,259503
35855017,295189
36048001,453485
35834229,254171
32792583,198697
35800911,604843
34195377,230039
35771833,340759
35807937,342067
35897201,315682
35844697,441987
35964767,286844
35965277,233033
35961347,256231
35842319,194332
35838065,485491
32535377,333909
35831445,290588
35906637,277031
36049903,253227
35774313,340341
35781937,482389
36090697,279694
35997993,242109
35949589,526639
36017871,431384
35965845,530451
36017723,547166
36052287,342066
35804539,442101
35786747,373731
29159065,267242
35875317,299279
35865069,324194
36043457,520447
36008693,289936
35845017,261561
35864859,420437
35846153,238480
35957181,259322
35846195,394639
35808925,367691
35842773,372646
35858607,422546
35779451,293565
35801341,268110
36049935,325690
35864603,209296
36032667,250396
35889419,554139
36036779,216549
35855145,387882
35939811,325352
35767941,324198
35528843,437085
35856637,219675
36051793,320555
35798651,344100
35851177,251296
35872069,434519
36048611,206005
35862589,343093
36049575,330732
36043521,292347
35785275,168078
35906505,338106
35964763,226342
35772479,222205
36047101,263765
35868811,337048
36056399,282741
35867065,566980
35965407,258004
35906327,280028
15728603,238006
35782187,407308
35846197,314584
36021983,295652
33407797,716192
35830341,198697
35763265,518636
35991867,338643
35758129,289761
35832097,358149
35782677,290299
35852237,344255
35760541,355855
35888199,503911
36044099,344802
36047425,386497
36044799,283004
35776651,273173
36057439,298075
35970937,237656
36035521,170220
36051675,228761
35767749,510274
36029827,279690
35807687,263880
35770479,319148
35750699,304116
35962583,315558
36065775,245873
35807775,260722
36022191,227111
35815701,154966
35824279,271394
35869503,314584
36031495,170814
35835327,498310
35806787,425757
36001363,283170
35804829,395788
35910863,355109
36037809,395561
35763233,246482
35903661,281653
36046939,271069
35830361,330579
35787729,394448
35811325,378075
35798147,312550
36015757,281403
35862145,272693
36045051,264519
35781395,238480
35975583,298625
35887005,686273
35804477,409792
35852839,325364
35739321,178748
35850623,324194
36035151,371567
35816311,356968
35848953,268035
35835379,317491
35818165,244747
35855283,288242
35836179,562623
35999063,628162
36015279,264409
36040449,582217
36057391,286644
35901813,254171
36008955,194332
35778189,370630
36009407,326763
35923297,259829
35964645,472823
35772649,344878
36089567,414474
35840279,374122
35758423,183136
36034735,244747
36049117,304010
35846609,414091
35840273,334864
35964247,314918
35842911,224048
35756137,499986
36061787,622922
36057303,399811
35829789,420385
35849457,343215
35762187,302297
35824283,435420
35793413,208596
35735123,236937
35995351,371463
36055483,407607
35854993,169543
35876109,604922
35842101,281331
35774629,351820
35845731,214007
35776407,263783
36050571,457341
35870809,342067
35845959,241590
36018501,373813
35800111,551873
36060917,264384
35856639,288227
35862015,337972
35801319,441034
35757169,425497
35919769,382623
33800909,391851
36028653,421996
35862305,233565
36036771,499083
36057253,291285
35829471,283700
35840073,329696
35885029,542297
35840011,243398
35827429,374311
35777985,237220
35941819,461252
35838189,325869
35833051,278834
36046893,266561
35861841,240738
35871915,281971
36053189,240766
35962621,571533
35782937,288126
35823247,121043
36023557,325972
35997811,211276
35861871,294630
35879591,203447
36062325,507664
29437973,216391
35909795,234134
36033201,342325
36052019,236477
36018705,267242
36047943,500061
35845407,534998
35949823,331775
35845789,299315
35781267,537475
35868493,256232
35781949,279699
35901497,329560
35769437,220314
36057669,316634
36071965,312378
35906159,196325
36096315,292347
36025805,277644
35999229,229042
35859789,196126
36049819,499447
35878541,300988
35821843,295975
35887133,200782
35878273,296453
35781677,203720
32686861,337048
36044037,296453
35859637,389048
35838439,321815
35956925,457568
35902977,413385
35790561,353390
35808631,258004
36026663,372010
36037411,290192
36028859,257719
36001233,245209
35864189,295937
36033153,466287
35901907,476735
35619543,541532
35889951,229387
36022065,210587
36062345,300075
36038401,378912
35839823,316113
35962097,198624
35821709,219511
35782741,292881
35787085,286609
36012761,386497
35782081,548983
33358123,338643
35815293,384601
36056353,413256
35848599,258004
35813951,326590
36015841,343215
35840203,299279
36025425,359012
35832009,213635
35862427,311090
35962011,253227
35931483,293315
36035637,304504
35887919,298011
35840019,259219
36047291,203446
36026343,371424
35838271,376193
36048115,268110
35794995,307077
35998629,455197
35854995,248641
36047697,280850
35875015,525199
35880799,176729
35889923,336647
35826269,275711
35999335,132805
35842665,396364
36053241,354880
35762321,266898
35998587,281761
36043545,388102
35776017,176729
35830219,168078
36003511,210730
35889579,264869
35871595,280850
35754881,276659
35787245,315181
35843777,358303
36037973,138277
35998685,314014
35836077,229387
21407317,530897
35617789,123020
35872207,440509
35854927,409792
35871897,445580
36006239,302037
36051587,405296
35830207,258004
35867081,430289
36003541,484232
35858847,523687
36000003,367261
35797569,334689
35789027,483599
35887087,416181
35856503,637708
35840113,326363
36068237,426134
36049815,344100
35830515,303018
35846403,250928
35989395,231804
35874955,178455
35757973,258004
35789809,258004
35868661,358455
35831549,326059
35872029,455342
35991559,547166
35761839,302961
35842197,305929
35961897,251296
35851399,337048
35790591,234895
35776163,407753
35863235,291223
35808435,389094
35897209,251296
36085939,319242
35816679,435882
35823349,441250
35909817,324194
36025537,238498
35865037,412464
35888643,243603
35881117,229882
35971267,515227
36007699,259507
35871325,338152
35811131,329631
35835623,231804
31672105,324198
35786733,415936
35900849,357144
36008943,362718
35833605,286015
36027397,272852
35881279,564041
35564999,497050
35808275,299315
36025693,276208
35473775,193367
36033121,314584
36067389,230415
36019977,129697
35902077,315367
36050843,243603
35846325,341232
36020913,249101
35898831,326663
35961469,295189
35830429,279585
30422667,438455
35998711,314584
36068015,443998
36010163,269819
36000015,289833
36029525,264869
35899915,203093
32239017,472823
36023799,230974
36045365,847161
35869295,256505
35779239,312318
35829887,210002
35798643,314347
35832153,349670
35820203,314631
35787907,289075
35995875,397105
35953983,312231
33059445,751803
35795315,388947
35735387,314640
35775269,397263
35771851,299110
35901843,657191
35865353,506369
35764533,455201
36017165,296877
35782113,342325
36025427,203898
35855073,229388
35999967,310916
35912625,194638
35962587,332014
35876077,472853
35836139,276659
35775463,242751
35965039,238860
36067953,241280
35742585,251611
35830205,193367
35949977,414474
35781309,277244
36026975,285266
35855249,330579
36015059,309222
35776041,419894
35985759,324032
35830649,314447
36020231,193722
35975527,527233
35987875,314775
36006753,471540
35830553,339315
35796429,326217
36029067,265642
35743947,317184
35969053,475093
35849497,486095
36033163,206998
35761059,336747
35981687,527152
35845347,279443
35845845,287206
35820287,295041
36030283,536755
36012847,302853
35845373,350738
35816325,218730
36065803,356461
35970989,340419
36087363,263783
35809771,308192
35862577,256080
16090705,290588
35814581,389021
36033637,223407
36044727,195678
35798465,357034
35939987,265642
36028381,226131
35826443,462641
35756939,322425
29545795,692838
35964101,486631
36038137,417564
36037209,356586
36018309,327503
36046095,299315
36033053,273649
35861559,524724
36086021,300349
35752873,367358
35872189,636049
35888223,326655
36050111,423217
35872125,264409
35862369,203078
36024895,251582
35975895,448266
35819817,416858
35901871,637708
35768909,363754
35832105,590085
35886571,715753
35965303,268719
35836813,313881
36069025,484419
36029331,190654
35864371,264869
35814687,348740
35901493,562997
35849513,230862
36049029,446774
35903807,486200
35882961,279094
36025383,272852
35758117,734428
35928711,577120
35876155,282741
36014231,391851
35963943,334867
35991339,266898
35886797,403707
35804669,295652
36021509,256231
36015765,513937
35761573,284488
35855065,270545
35655751,478577
35979497,299659
36063213,309385
35807969,179964
35740299,320445
35824247,356339
35852365,211684
36021967,263783
35758189,338106
35827565,424610
36058371,425801
35889311,291205
36017331,313639
35826409,326343
35846511,210482
36045789,224824
35906311,359616
35877265,244747
35760449,378932
35835429,583690
35855157,204209
35831913,422419
36051817,211694
36053757,374711
36057779,378684
35818141,147819
21561813,271286
35800769,263783
35769419,374204
36048747,304769
36050263,251611
35804399,272852
35792253,423585
35864875,311427
35868257,223993
35871903,300988
35808539,211694
35838253,251052
36026519,387478
35831955,434591
35964335,437714
36037091,703500
36050053,571533
35929897,422986
36040533,373201
35896853,511327
36096103,213431
35816057,156189
35933483,644598
35999839,258004
35997975,272098
35752901,282801
35854045,268782
35851461,241447
36017235,461660
30681477,300349
35763203,306596
35833881,289777
35961825,386497
36088143,222092
36016639,309178
36049517,377969
36014147,222334
35839939,312318
35868381,287241
35740071,286145
35971207,260121
36022173,258932
36028887,442661
35812641,210587
36024461,571098
36014455,291862
36016289,418614
35769857,242481
35722329,304224
35819813,439609
35758467,244421
35887023,515139
36027719,486200
35882449,293572
32839323,557180
35801993,497637
35971011,560112
35897085,541457
35969239,336697
36045975,529490
35906893,453919
36069001,182150
35834941,640511
35829827,322257
36019669,251313
36016653,417062
36015801,201270
35846239,419855
36026433,166982
36057081,485423
35956977,330114
35760607,255621
35862513,259322
35813569,407525
35911197,300349
35778751,256232
36013069,309690
35800265,242296
36002183,447977
36046713,410524
36004497,214056
35762987,342743
35826883,209881
35824403,292686
35745899,314547
35855773,308166
35852231,284882
36026797,314014
35796381,130118
35851033,353987
35761515,234134
35840631,184342
36000433,329172
34985413,238996
36038167,506432
35970765,365656
36078761,258004
35881857,284165
35758033,610288
36062633,360451
35876275,217215
35800581,362268
36051955,603514
36053047,274655
36009757,281251
35851529,394344
36017929,264409
35838449,298933
36035389,352244
35830693,323605
35849103,363335
35781135,288245
36043341,296626
35755775,260121
35789307,226265
35782507,350062
35851115,204610
35964381,368285
35790611,268679
36044941,421226
35913005,216966
35800751,404837
35776071,337782
36050089,498310
36060569,285878
35845435,278193
35940039,220314
36033835,272338
35871497,643194
35862033,369821
35842855,262131
35840343,396953
36046953,357395
35806519,272098
36036369,110155
36025855,564187
35871761,251296
35962397,330579
35824031,300339
36035307,209296
35860277,265642
35875387,414702
35867127,434696
35970345,279321
36053715,292347
35852145,258004
36017949,438757
36040781,553380
35780237,274655
35991789,244747
35765821,238480
36022089,609179
35769411,356112
35815487,222092
35897131,416774
35775899,231990
35763253,311255
35765675,330721
35829503,336121
35814503,283170
36025825,281553
35809837,322564
36013821,452047
35852637,348554
35745113,435471
35862131,240738
36058861,235071
35790535,551687
35824357,370725
35864129,211694
36047481,220325
35902199,697661
36025815,153764
36050029,618246
36013071,237220
35800215,244747
35869491,332014
35919717,310741
35755421,289718
35795903,523670
35876201,280850
35832575,264409
35815771,281553
36081821,498310
36010889,224646
35998947,245873
35871265,329631
35753057,246889
35799575,498310
35844677,553025
35793257,394135
35903999,429785
35970487,654064
36050479,295970
35832011,338643
35891367,391949
35851017,472738
35797155,206964
36047025,259503
36037867,320555
36042025,138835
36029531,188889
36062309,373529
35869631,378075
35891415,424748
36063639,448677
36048857,183317
35810869,213572
35886735,222092
35901437,215216
35880727,265765
22729585,512221
36087313,340693
36057329,357526
35881667,162447
34939569,218325
36001819,244747
35786849,434298
36053445,132805
35745549,352877
35971855,443128
35760937,480149
36034789,344019
35970419,334041
35886047,272693
35882841,234626
36042533,339425
35779491,244747
35846613,417805
35886507,312898
33036233,404837
35854559,502108
35999497,432961
36000297,364986
35871573,295189
35796379,111445
35964285,224177
35845681,168054
35791687,272579
35862119,420013
36033007,184342
35814555,350974
35928593,256232
35850657,358396
36068787,308042
35856447,483785
35852669,258004
35999527,298826
35835991,530460
35838119,444075
35794601,305635
36039069,395881
35932717,333899
35793287,182532
35777875,309763
36035601,336747
36000265,210482
36030527,258004
36000269,480117
35882579,304580
36062155,495924
35886131,305929
36059717,323731
35859005,272098
35801067,466287
35883395,380262
35991967,529490
35949549,209296
35779537,357034
35868495,451071
36013229,293315
36029551,419236
35971125,290216
35829601,472823
35859751,559402
35891275,531992
35733505,344905
36006719,321356
36019995,572028
35999263,368285
36010407,365499
35804491,268679
35808459,420385
35778095,338106
35882581,304580
35628847,302958
35928635,332019
35878495,251296
35855285,320919
26968941,495873
35782291,254886
35839895,311256
35879709,289777
36056029,253227
35880525,258004
35889413,262554
35779383,534130
35757501,294318
35800475,432168
35869203,198062
35861571,176791
35812639,266561
35892083,137044
35845993,277845
36055401,357395
36024981,418621
36040767,289389
35899999,553380
35852687,544315
35868367,295242
35784239,238283
35886225,408857
36046997,388649
36031561,304504
22991583,281800
36017015,374311
35852101,533184
36058631,291486
35819491,276659
35752907,258004
35868475,398284
36033447,121502
36022485,312675
35835737,242109
35972779,133625
36013863,241465
35792203,491274
35816089,316113
35874721,609179
36086361,198062
35776121,350974
35782955,292881
36048307,298933
35850893,204610
35978041,581370
36016633,596173
36026425,228840
35929943,277644
35787275,136335
35798773,335605
35845683,190869
36041603,519251
35757171,360451
36052333,360020
35775259,279921
36018559,281761
35712431,280028
35760511,255634
35874541,178677
35996015,253470
35746209,277031
35999771,274222
35739865,309247
36062131,283170
36017359,281110
36071075,260121
35765507,299315
35985735,228497
34377103,183317
36063343,654352
36003189,435698
35823399,294431
36047395,369820
35778133,463314
36012919,336121
35760105,304504
35811427,219586
36035919,239129
35919831,224346
35883335,618021
35801041,583690
35750677,392733
35965419,227822
35845467,245598
35999665,300349
36071999,305527
35751225,295283
35734421,260072
35875497,337782
36004357,360451
36001925,459785
36041071,420013
35913215,660332
35928475,343215
35881219,111601
36018053,485908
35876207,310741
36017223,394844
35819341,136707
35827521,237656
35793637,350362
36044735,596924
36038305,366805
36037487,298966
35792439,466287
35779217,284816
36081623,380396
35842397,445718
35795351,256080
36035541,222825
35815533,234625
35769933,252856
35800579,109808
36020691,762260
35741395,357990
36095467,287990
21515815,296561
35998897,513969
36020759,326222
36041025,299349
35835801,345945
35871655,291001
36037519,393353
35745393,335679
36005425,260201
36021707,433444
36056413,300075
35863559,452121
35854871,222244
35859067,338022
36049757,216391
35874875,472823
35762995,314765
35812499,632397
35821887,355855
35850667,409792
36036487,201478
35861947,219026
36067579,267785
35752987,373813
36001899,282904
35963791,547428
35761039,298640
35897195,498310
36025465,276901
35796351,314260
35965239,226131
36027147,219026
36047833,373188
35879777,550494
35857695,435471
35864095,173157
35849415,237800
35834681,260469
35807913,310741
35881061,240738
35811283,272098
36036547,544119
35872115,352473
35864097,238498
28471893,533180
35875805,199577
35831589,314441
35833947,359221
35874655,292044
35847619,519126
36011017,553380
36032641,284488
36050789,312969
36017335,251313
36025821,281553
32342591,295970
35835495,133957
35764775,222092
35812245,455664
36000385,281331
35970951,245873
36028795,281553
15120195,222066
35811109,338106
35831515,510903
35777533,633710
36051179,532590
36037145,378403
35773567,288522
35760649,153284
35772225,203447
35794939,341626
35832033,441940
35835975,313639
36006237,523078
35763545,283353
36068463,447291
36010607,324519
35761741,296453
35836211,578192
35889071,322820
36035579,275285
35824227,207702
36045445,440319
35754917,271245
35856887,456782
35842313,380628
35999431,263491
36000173,267885
35835393,311467
35777903,289761
35911263,220314
35859547,329715
35757497,564660
15012687,268822
35867079,430289
30692803,178967
36008897,375652
36050673,284239
35782321,766530
36047899,337388
35767977,139337
35753233,433444
35970443,192322
36018353,181592
35883303,457777
36033665,382470
36014545,213635
36055541,422994
34916859,588800
36060141,250396
36013875,304788
35759753,540522
35820521,480025
36011767,693304
35859837,458795
35739817,344905
35867061,286786
35826433,228497
36023791,272098
35769851,441257
35776197,304504
36062269,395040
35814403,352331
35939935,222355
33523891,269318
36026639,289347
35777537,455655
35747601,307896
36066147,234895
35846155,266561
36049777,183136
35872145,275711
35881103,327543
36091909,573884
35910949,466287
35995885,236955
36018283,152665
35821671,300978
35780917,284533
35827391,284070
36013749,407684
35903003,529490
35913071,387788
35831695,388947
36083849,241447
35870157,588330
35780975,264409
35986049,277929
36018005,338106
36062565,278324
35753035,260121
36061791,325900
35828433,126485
35785101,218160
35904343,498557
36043359,432884
35777947,400979
35871567,551764
36045969,325479
36074461,428801
35791121,271505
36014277,268052
35865121,249671
35875025,295900
35787973,296453
35821649,280616
35886121,321137
35970375,511527
35795707,315545
36060875,314260
35841561,242769
35906083,317417
35790517,263783
35815101,453492
35777995,331775
35871943,388653
36046959,403301
35949643,551889
35449869,375656
35835519,242481
35877493,462307
36076197,337106
36044881,354158
35964519,219583
35910855,585009
35875091,268782
36027441,265180
35903647,258004
36021319,406564
36005441,528640
36050269,358999
35852723,282741
35789759,290698
35863585,308187
35861623,124996
35883471,244421
35782015,514637
35752831,423585
35753043,324198
36029097,609179
36047279,266561
35903047,222243
35835811,314867
35825663,408857
36016381,451756
35831949,529490
36016605,320271
35806315,258004
35809827,422240
36014785,394844
35957043,490543
35957025,223847
36010543,135826
36050041,318137
35884357,584757
36010693,293758
35793839,162498
35819867,179138
35781035,264409
36066573,205807
35995607,367353
36078803,360451
36022491,259985
35755815,503915
36050329,234932
36050493,297350
35881157,283657
35752865,309690
35849809,364636
36045907,283170
35949641,349820
35760717,281251
35772585,263783
35874887,296752
35782093,309222
35822391,314260
35940093,313782
36027849,279585
35824355,550481
35782753,192213
35859667,330714
35781685,337048
35779461,251611
35874981,178748
35891421,264409
35014299,283170
35889423,325972
36051059,411021
36015959,312723
35998055,250396
35823751,471540
35831447,167439
36031531,244961
36009317,318992
35763429,265180
35871673,451620
35785339,321725
35854099,194523
35874867,292044
36073445,523111
36018265,588373
35840449,336647
34320879,449425
36032313,238524
35818019,314677
35970659,295652
35897283,414685
35817971,397741
35754503,538369
35800327,297071
35835715,478577
36027803,377317
35812691,193107
36055907,548900
35859645,406947
35760693,553844
35777883,295879
35846467,318056
35899889,268719
35861487,432168
35812989,309135
35791167,388653
35812129,237800
35865071,355109
36026755,527533
36092289,227084
35453095,180954
36088443,299349
36031497,292347
35808253,227822
35824915,300406
35726111,289777
35861823,257719
35831713,245873
36025529,442092
35756825,251313
36023289,293332
35999195,277244
35888597,261459
35796505,262750
36015531,315411
35910981,302270
35824207,259611
35794173,308456
35840237,416774
35949923,183136
35808335,295970
35835857,295821
36059135,437376
35808007,280850
36045369,321282
35878499,221346
35768153,329602
35861265,293085
35937239,332215
35874905,432055
35854877,486541
35749023,217875
35782967,367261
35787741,308750
35794937,272693
35752921,489318
35868235,226246
35749001,273689
35804723,291522
36050123,250396
35800747,340805
35821533,121016
32737479,355219
35851337,242974
35815489,230623
36040499,454379
35861437,552477
36060417,529309
36095629,160916
36020013,292347
35864289,390370
35758437,339169
35742529,366864
35834645,315280
35995801,442661
36027455,311525
35839877,274655
30096825,526290
35782331,543548
35996103,222205
36038011,325690
35852437,697140
35804415,338106
35759357,214989
36012967,397415
36089443,451071
35850975,199283
35874817,513791
35846401,198506
35931469,133241
35991901,253112
35964971,267242
35776011,310741
35876067,578818
35760601,318056
34834071,291069
35801105,279652
35868839,312091
35991543,266601
36036793,180483
36046447,586163
35848949,529490
35965341,364883
29545769,529490
35840725,181878
35985805,361004
35832077,310741
32262553,573355
35830625,259219
35869561,434591
36049221,250396
36053815,247769
35734507,215656
35817269,293315
35813485,450397
35999641,288227
35808343,219496
36048395,521650
35815815,290192
35883339,369820
36037839,439592
35871849,383317
35851513,454444
36041015,314584
35861435,348740
35820387,305364
35815993,259580
36078369,218160
36025229,324519
35875093,121016
35880611,462641
35782447,389048
35757051,251313
36029929,368072
36048049,300349
36037895,365949
36003619,313881
35873745,194523
35819365,292945
32707467,299553
35764767,406593
35810911,281442
35853187,360854
35866965,335872
36065861,484419
35841089,618021
35979573,357417
35807943,249415
35768455,282904
36025823,499295
35761849,239573
36048785,391696
36009025,258004
36050671,428562
35852667,298094
35981797,258004
36055737,266561
35858707,402527
36019169,589600
36059511,441940
35999171,203078
35807891,560348
35970469,259269
35857755,422849
36040827,311174
36041953,260469
35757523,198624
36062383,221930
35852713,121485
35964367,215656
35855193,340152
36021275,440511
35972831,684294
35816189,458633
35904585,276473
35886765,379193
35782131,276939
35859493,250396
35812153,327503
35796685,256232
35795671,613067
35887221,264409
32781277,571098
35823731,175830
35798687,441448
35842163,260481
35891847,323905
35314013,325121
35696165,526611
35782155,373529
36049761,338022
35835589,221930
35886847,262131
35864919,226265
35972849,304504
35855231,388102
35885917,375543
35730115,210115
35756757,290064
35768259,299315
35916097,220562
36006703,422419
35864365,416774
35859455,238480
35783121,365008
36040065,479738
35808579,406024
35919865,358309
35760361,285674
35875055,298657
35758165,389048
36002559,553380
35784425,272098
35897027,410021
36037775,363240
35939807,274655
35760311,335988
35886223,526162
35783111,308370
35881075,273361
35835939,337272
35763619,261618
36017411,476735
35887153,275711
36010189,288227
35881697,317058
35891417,352331
36040815,216391
35800021,334735
35787419,393714
35786381,476735
35856181,530451
36079775,437823
36056997,318137
36041753,322257
35887139,408857
36027287,224716
35864777,393233
36038195,226246
35795073,308166
35836883,369528
36047599,249415
35939751,306427
35851031,420356
35800681,214520
36027839,339811
35851279,443715
35842093,267431
35861369,222086
35807619,281266
35851239,490120
35890497,292347
35757471,373164
28820507,456959
35852845,245598
35808301,318056
35776285,309024
33280477,281297
35820647,665161
35868409,466287
36022503,390521
36037255,178455
35959887,330721
35858541,662088
35757493,359616
35824315,300988
35857575,500473
35829335,221930
36050991,306314
35885905,642840
35871341,373188
35987463,413189
35906219,326769
35781191,494458
35903791,601226
35856545,254171
35949891,422060
35851641,236941
36033047,683728
36033959,205172
35812783,164794
35780201,208730
35879533,279652
35964317,271505
35815419,258004
35835889,367261
35911451,137569
35879579,271245
36017851,551658
35826941,179180
35739859,389048
36014929,423165
35901429,420385
35878079,455340
36047907,303018
34903975,364066
35888949,446810
35888959,209296
36018219,296872
36063171,213580
35864211,242744
36050345,564187
36035595,192422
35800635,438757
32792565,345945
36078855,358886
35858819,358361
35776365,241447
35864867,422725
35902889,411938
35826893,211684
35762295,295970
35820417,468302
35997989,195844
36033331,251296
35800841,373164
35827359,367261
35800705,447291
35824073,241447
35889659,510020
36057503,320633
35961411,284533
35798657,327386
35947667,356626
35851539,370765
36032437,420381
35786861,514945
35845503,353390
35744709,241364
35961571,179320
35845003,236599
35829351,265099
35879629,642031
35842211,270112
35831989,323908
36060495,403127
35793403,284495
36000035,311448
36018245,660323
35219635,223847
35849811,240400
35861551,333964
35819907,332155
35771951,390373
34884819,197924
35812741,239878
35806247,138277
35886579,288816
36016881,225306
36053641,328823
35868649,276691
36070981,363754
36014623,272579
35738065,213431
35863931,312009
35807311,211684
36063571,238524
35795145,256232
30195645,493564
35889241,264869
35999405,274222
36026979,455947
35985303,234625
36013125,291125
35779261,470577
33322601,197702
35899075,333909
36026917,337321
35836117,272579
17970357,686581
35846351,295652
35770491,300349
35861663,407620
36048539,177648
35970351,278514
35820751,438177
35856927,292347
35871461,343712
35745529,274655
36003011,195844
35953833,312898
35744713,359117
35867375,313373
35998781,318694
35856727,223004
36014537,547577
35757469,268679
36037195,648434
35901423,295582
35949523,333284
36059679,691902
35899443,241364
36025919,422902
36029403,319148
35864465,669946
36033231,454552
35764737,272852
35830463,162326
35842597,172553
35939767,435684
35808487,211694
35761805,374680
36027193,553348
35786379,200076
35867299,367980
35886517,340693
32085967,520168
35965527,205563
35870957,371845
35808815,270317
35961307,289777
35798635,502222
35813473,385883
36049823,544315
35820365,265407
35757511,281403
35605459,261561
35735417,398023
35890101,194337
35812811,295970
35826853,230544
27528015,424920
35852277,369820
36061139,368050
35739807,203834
35760631,213752
35874537,316306
35774537,508222
36005769,271505
35908115,255764
36010629,249458
35871831,304369
35989433,385049
35745889,322243
35745941,274655
35842117,259322
35858885,512673
35765655,299315
35826343,332182
35776067,216120
36055405,270905
36071213,259767
36046395,296453
35999623,393479
35897341,295652
36020657,404837
35902101,355496
35825607,441407
36048111,217593
35859643,500770
27069823,152327
36061769,304163
35833067,462187
36008763,256231
35840657,343706
35808247,340738
19661931,408857
35999261,267242
36052359,448617
35802401,271505
35855233,432537
36013787,237800
35996689,435250
35863963,549851
36025955,318922
35753767,513426
36055877,270237
35804423,259503
35852735,358455
35966981,309385
36028033,236941
35842537,246482
35796593,421849
36063223,270934
29050375,350242
35768353,248701
36025709,277646
35896887,310741
36033533,389156
36006161,131175
35875029,277525
35816655,298100
36062647,431384
31054015,292996
36049065,296453
35808281,316008
35733591,262411
35885017,617675
35855129,264409
36027527,312318
36018239,249827
35835509,177895
35768533,369927
35867123,229035
35989195,360411
36027053,272852
35997225,279652
35795271,181524
36009185,313049
35761699,255629
35831303,303238
36069317,325690
36048343,370072
35781765,338106
35906299,213021
35839927,325061
35889319,321359
35778211,326943
35867131,214989
35834649,529309
35868611,384758
36023859,244542
36097557,279732
36057125,238480
35889699,333284
35865367,334694
35841201,373679
35852333,471867
35975861,332897
36012805,432053
35908275,360451
35819959,214520
35874917,200789
35996929,390373
36010227,324519
35808503,271394
35782717,479825
36015995,312378
35103757,399877
35870087,259183
36036363,305533
35851809,432884
35850631,223015
36028869,430107
36049075,356112
35989415,504894
35747889,188653
35785197,548019
29322469,246482
35776487,478577
35845801,271505
31402521,588440
35752243,279921
35775995,498310
35836445,344673
36033265,250418
35902987,152327
35800365,197924
35961441,197924
35775407,315558
35961709,378684
36024065,283048
36071341,259611
36051789,253470
35864395,196505
36019849,285542
35851483,251313
35821261,239089
35764445,353442
36018203,292347
36000989,500197
36022293,271031
27193375,272098
35831485,229042
35842189,223847
35875407,438452
35756879,317222
35849377,256080
35812185,471867
36036765,358396
36027793,511497
35856239,241590
36067907,193032
35820317,224646
35796553,291522
35901495,472823
36045609,316113
35899073,308166
35816407,338106
35972777,265180
36040491,560295
36009415,310313
36047533,534127
36046737,277525
36060005,268719
36025223,316634
36033347,275017
36048525,298729
35859717,517901
35840195,326655
28471917,256232
36028367,308456
35858675,439601
35794891,362268
35845071,429831
35874357,403483
35879529,338541
36036347,200087
35761309,204209
36021079,187217
36026635,538491
35804603,491595
36057533,434625
35738929,254369
36010657,230673
36038915,293565
36067691,449237
35778217,279585
35824479,434917
35855741,431621
35903991,515705
35835605,360451
35862377,353390
35807929,357395
36046517,201251
35877593,541777
35815551,224646
35981821,420385
34884943,360451
36032937,407421
36081793,309385
35874863,380431
35995411,355445
35888651,308456
36061703,395436
36003659,372243
35831661,203447
35896847,256232
35807439,236941
36021903,502216
35880533,258004
35831343,119613
35845393,398668
35758365,211694
35757407,553065
35856557,344729
36018031,337782
36097401,495262
35795259,510718
35897259,249585
35808779,296872
35991917,296561
36057023,256756
35765709,268782
36037259,312723
35792259,242481
35886243,327501
33189069,281403
35824939,265528
36031461,245598
35820669,521804
36006375,258004
35878027,569066
35874907,309385
36033767,330721
35776333,638302
35901267,250396
35830071,447291
35874563,344255
35855903,233904
35878089,298100
35814917,294526
36013281,263491
36090227,296561
35758337,388102
35822781,223986
35833591,481368
35872539,266020
35872811,406572
36032911,367261
36057737,376267
36002611,425787
35871709,241723
35871339,477069
36091105,337321
35863223,433833
35820369,249305
35846007,340693
36057233,626583
36031009,208194
35802099,348574
36078521,337782
36062983,229035
36046385,346054
36041295,229649
35857005,614242
35780967,235458
35757359,388534
36047881,243660
35822997,403127
35977753,455190
36060785,178455
36051335,330664
36008713,265180
36061859,332897
35816021,321282
36003265,272579
36040095,304605
35807833,292044
35991395,743886
35963803,362150
36008991,257449
36003435,318887
35771665,314835
36041123,603193
35943557,302540
35757473,395734
36089605,214989
35830249,248701
35812207,429573
35902207,258004
36047565,568766
36062279,432961
35981699,358869
35758037,318992
36052109,259580
36031595,268679
35819519,154966
35852601,416100
35824383,525707
35904891,264869
35997841,478577
35796559,189719
36052195,519961
35755821,466726
35972863,256723
36038153,262411
35874431,260469
35804743,557180
35816363,296133
35868127,423450
35840009,246482
35806741,475532
35861253,312626
36086867,363736
35883497,203093
36000177,226342
35831701,271505
36045713,537022
35851293,316394
36057983,295821
35831133,278797
36048225,256080
35939989,170845
35757217,422139
35885835,135786
36049249,286223
35957121,375942
35826835,447930
36035255,200782
35932599,138835
35899135,460926
35819993,590789
35758931,137044
35776321,183136
36002705,260469
35785191,245598
35835675,218024
35764437,581358
35872843,248738
35970883,255333
35767489,272934
36046537,381588
35839875,181878
35864283,296438
35903215,135826
36045935,198062
35858983,258004
35745771,257719
36049613,170111
35751567,415218
35852893,538581
35763479,340693
35775437,534935
35912983,220314
36029625,451642
35809231,143987
35864771,221230
35997907,228575
36033237,315558
36020533,259503
35846131,244747
35855161,242974
36033217,427669
35835755,280850
35843079,271069
35871695,336650
35874839,230974
35856465,299349
35889785,380088
35785255,496281
36025759,279585
35835943,186285
35939953,322065
35833063,361899
35815563,363217
35834195,292347
35879511,216526
35746607,710437
35798665,316208
35864467,271069
35795087,288668
35813099,192624
35753135,472773
36053345,322624
35755853,248701
35784543,359012
36041215,255520
35763157,246482
35897435,296962
35897503,243455
35765941,564984
35777173,317126
35838467,394844
36053627,305269
35752945,442015
36026819,401909
35997219,423818
35781705,281761
36010997,350055
36046361,245873
36040961,351285
35996335,209296
35793927,224646
35748135,215390
36023939,355468
35889399,299094
35849145,346194
36040281,495090
36058101,265559
35769737,275711
35862533,512148
36059689,184342
35832633,415980
35920129,513426
35814637,413935
35901675,161247
35811451,377422
35852335,368213
36048159,256080
36047007,237656
29545789,583690
35964167,470096
35779389,314584
35863531,266304
36046667,310916
36015825,299315
35760619,282054
35965503,310511
35845509,295821
35763483,296069
25822621,344174
35820519,340764
36011919,122369
35801077,266898
35782353,409792
35896535,520915
35871309,620390
36005759,450001
36043487,296453
35932815,419894
35824449,356112
35763679,213884
35821593,266304
35808587,533230
36026835,363323
35779229,197702
35873787,326690
35759229,308370
36063353,208966
36067899,196126
35878489,387882
36062023,344255
36032291,244747
36003623,300349
35732001,298100
35836037,447124
35886763,304363
35847879,264869
35852161,513937
35865207,388402
30456187,521650
36050347,519126
35887289,216030
36057747,201912
35965135,259767
35818195,220314
35745159,281553
35746761,296484
35880597,277387
35962107,325121
35901265,295260
35964939,230415
35812151,318747
35851367,374311
36052379,303134
36090627,229388
35827497,238480
35917989,327279
24889411,249365
35942069,308430
36046309,425497
36041661,198148
35763189,554668
36044109,533781
35814869,346570
35957123,200372
35734225,260481
35787259,446493
36098151,266898
35870867,424748
35839503,309178
35781387,203078
35857811,219678
35840403,257719
35862023,253470
35921967,110638
35848551,252241
35760373,358971
35797175,357244
35864417,430341
35866947,387882
34853627,528048
36087095,275998
35851615,480149
35771669,293758
35996291,207674
35872845,432884
35811069,217215
35991729,296953
35864057,312723
35903411,265180
36050633,472823
35842483,263667
35819699,326956
35872569,291281
35860175,163518
35822935,410803
35852889,728035
36081893,295652
35864973,216820
35777529,292347
36056429,314052
36067455,316587
36055543,500663
35756837,234134
36090165,274326
35989273,299315
36049179,455337
35744975,290192
35842249,351711
35901741,230415
35875151,159513
35780985,455197
35796359,383002
35842349,265180
35804663,595650
35577755,216067
35801009,693886
35879279,485908
35996009,243603
35842047,261106
35981837,258144
35881569,329258
35842513,230786
35853789,441453
35852799,258004
35917961,420148
35780185,409584
35835745,263107
36006381,356774
35820565,332155
36021047,304504
35761555,544814
36050743,498310
36031027,352826
35753075,289999
36013235,293315
35804629,219675
35875249,442101
35962659,272980
35999635,242974
36075083,289131
35847833,202465
35794087,228761
36003641,306031
36061413,367261
35839951,266304
35763323,356339
36026351,248738
35857265,414976
36048065,256232
35999077,503762
35830089,511298
35810465,318971
36036081,270956
35798887,237639
35876303,277244
36048865,527533
35907291,426410
36046199,313172
30559461,659088
35789783,359849
35867311,414685
35854841,562111
36050651,462573
35888875,298729
36003483,294470
35842035,302285
35875205,472823
35837199,186441
35971073,288296
36033805,491238
35768191,433878
36033003,255520
35872051,462573
35818123,503331
